index,Scoville Heat Units (SHU)
0,59493.829606934276
1,39965.226096479746
2,0.0
3,0.0
4,111619.44404553938
5,76261.63343442419
6,117383.84091344447
7,0.0
8,78470.1818410747
9,0.0
10,0.0
11,0.0
12,82151.3593608389
13,0.0
14,100815.94022321081
15,102684.40109511834
16,108993.46915738813
17,104745.11951063502
18,131107.50210168248
19,0.0
20,119805.65000893084
21,0.0
22,0.0
23,115441.2766755858
24,61943.44288179425
25,93518.7549095316
26,0.0
27,0.0
28,0.0
29,54192.27828112477
30,139728.6868808364
31,0.0
32,86568.54802590425
33,37941.251196729856
34,77878.81718752293
35,0.0
36,0.0
37,0.0
38,0.0
39,49939.75315133932
40,0.0
41,0.0
42,0.0
43,0.0
44,0.0
45,0.0
46,0.0
47,78465.84535246922
48,0.0
49,0.0
50,0.0
51,0.0
52,112569.43887820528
53,0.0
54,0.0
55,131150.14729526342
56,0.0
57,113432.50999667284
58,72542.41227357942
59,74234.78028045742
60,132352.13318037486
61,0.0
62,125771.46565196072
63,0.0
64,124119.12509027624
65,103698.97769354981
66,0.0
67,0.0
68,0.0
69,100295.96120813307
70,0.0
71,50905.230826816856
72,98040.2603798917
73,0.0
74,0.0
75,0.0
76,48690.80979425733
77,0.0
78,48443.89518123399
79,133529.61811637777
80,84375.83450434133
81,89019.72086411073
82,92147.37809404635
83,0.0
84,0.0
85,0.0
86,0.0
87,66907.27579465757
88,0.0
89,0.0
90,0.0
91,0.0
92,0.0
93,0.0
94,0.0
95,97437.82369122347
96,0.0
97,116456.97442175602
98,0.0
99,0.0
100,76085.9206018143
101,98895.3525129561
102,0.0
103,83819.79032858828
104,0.0
105,0.0
106,0.0
107,79586.7168778209
108,0.0
109,96193.96291421917
110,0.0
111,115871.30126981175
112,0.0
113,122528.16552066486
114,79902.37423839948
115,66505.24621811707
116,0.0
117,0.0
118,0.0
119,42278.37043636829
120,0.0
121,0.0
122,0.0
123,0.0
124,117185.38384943304
125,67377.5947215486
126,0.0
127,63923.149532548545
128,37317.69517281156
129,75370.83717509474
130,42410.205171692614
131,138235.75324237082
132,0.0
133,88903.44740021466
134,116520.74868827198
135,119644.1412766061
136,0.0
137,47671.386345227555
138,118280.62823268483
139,135359.59193449846
140,0.0
141,0.0
142,96978.95414747116
143,152504.64310948004
144,0.0
145,0.0
146,0.0
147,138476.72753615852
148,0.0
149,84159.65103549114
150,0.0
151,0.0
152,94821.31997578892
153,0.0
154,0.0
155,33263.855742219115
156,167807.0191168927
157,0.0
158,93889.80042602803
159,0.0
160,0.0
161,103724.76059445049
162,0.0
163,104684.1345474831
164,0.0
165,0.0
166,0.0
167,0.0
168,103302.06098165188
169,0.0
170,0.0
171,0.0
172,0.0
173,0.0
174,128492.8638642665
175,0.0
176,0.0
177,112247.812818302
178,142299.56292581538
179,0.0
180,0.0
181,122914.1046750302
182,68307.0732685859
183,169970.31586752995
184,100948.98832909846
185,0.0
186,0.0
187,0.0
188,94015.72257412503
189,82775.37046278088
190,0.0
191,0.0
192,79413.84480533583
193,0.0
194,0.0
195,0.0
196,0.0
197,77908.3976881079
198,89820.61341548902
199,68752.10665602084
200,0.0
201,0.0
202,0.0
203,0.0
204,128627.2458999814
205,0.0
206,0.0
207,0.0
208,0.0
209,0.0
210,0.0
211,45705.705576301014
212,0.0
213,0.0
214,121503.43789241735
215,0.0
216,0.0
217,0.0
218,0.0
219,73861.08613078373
220,0.0
221,0.0
222,0.0
223,0.0
224,74811.65157594027
225,71044.72996357323
226,0.0
227,0.0
228,0.0
229,47948.07554824519
230,0.0
231,0.0
232,0.0
233,144993.39190432287
234,98320.9157562313
235,99907.43894346202
236,91888.52978462105
237,97209.30601652914
238,116789.52086877545
239,96412.17992899647
240,0.0
241,53250.91360238427
242,0.0
243,0.0
244,0.0
245,137941.30695539835
246,0.0
247,77443.65183252367
248,76685.09831309415
249,0.0
250,0.0
251,0.0
252,0.0
253,0.0
254,0.0
255,134258.8859414367
256,0.0
257,0.0
258,0.0
259,106195.26857112825
260,115762.95005276204
261,73830.47623284902
262,0.0
263,0.0
264,87283.28179732025
265,0.0
266,0.0
267,0.0
268,0.0
269,90987.46161520423
270,0.0
271,0.0
272,0.0
273,35505.12813447471
274,0.0
275,0.0
276,0.0
277,96311.08504742279
278,0.0
279,0.0
280,0.0
281,70075.08203635232
282,78259.97325870398
283,0.0
284,90039.57410830211
285,0.0
286,0.0
287,0.0
288,0.0
289,115621.58688053196
290,110834.1228860544
291,49269.26216457397
292,67200.11200769334
293,0.0
294,102496.6608167199
295,0.0
296,0.0
297,0.0
298,0.0
299,0.0
300,0.0
301,0.0
302,0.0
303,124622.23839612873
304,71817.97300841774
305,0.0
306,0.0
307,76407.45689499965
308,0.0
309,90107.6497242925
310,0.0
311,0.0
312,136467.0695607822
313,130852.06593431525
314,0.0
315,0.0
316,0.0
317,0.0
318,0.0
319,0.0
320,69544.1526768693
321,0.0
322,95286.01523650366
323,0.0
324,0.0
325,107293.88335690186
326,83792.10925131156
327,0.0
328,0.0
329,0.0
330,137344.99325440996
331,0.0
332,96306.6630360901
333,0.0
334,0.0
335,0.0
336,0.0
337,0.0
338,91923.90610839275
339,111361.2428542246
340,82684.66730625274
341,141564.64652104126
342,169705.50371214197
343,0.0
344,96515.57351950122
345,0.0
346,0.0
347,0.0
348,120480.70300482857
349,0.0
350,82234.02645635403
351,52192.12691328763
352,78406.67006103051
353,0.0
354,110930.11113662075
355,114501.13688824921
356,0.0
357,0.0
358,0.0
359,66329.27351458075
360,52891.41704738972
361,144138.92888185583
362,0.0
363,101864.05956063558
364,85532.44025376877
365,77129.93774525487
366,134006.66083835787
367,0.0
368,0.0
369,83002.41873912109
370,0.0
371,140698.5807766504
372,98013.80996830907
373,0.0
374,108874.41026049636
375,138360.90521287304
376,71888.92922357372
377,88988.1618136554
378,126802.00471499097
379,0.0
380,0.0
381,0.0
382,104588.80708161675
383,0.0
384,64613.06098103001
385,0.0
386,0.0
387,0.0
388,0.0
389,0.0
390,0.0
391,49032.47449710121
392,0.0
393,106009.77885767286
394,73575.71630475555
395,72619.83268771424
396,75316.09724886257
397,0.0
398,97881.08127658226
399,0.0
400,27238.68802250385
401,90820.29098980679
402,90817.89920267825
403,0.0
404,0.0
405,141864.0168103547
406,0.0
407,0.0
408,0.0
409,63771.19425368637
410,52271.0169250277
411,0.0
412,0.0
413,0.0
414,0.0
415,0.0
416,71840.6092502509
417,0.0
418,112095.23496398737
419,0.0
420,0.0
421,86114.79269004292
422,0.0
423,0.0
424,0.0
425,73201.26388081253
426,158670.41212348684
427,0.0
428,47314.42669684069
429,0.0
430,0.0
431,0.0
432,0.0
433,65185.560913299065
434,0.0
435,73813.5785964937
436,72269.50930493796
437,0.0
438,0.0
439,95100.94529851533
440,69508.87397417657
441,84289.41639275393
442,126170.31552763238
443,134959.25511665212
444,54760.47840144412
445,53407.27320645589
446,0.0
447,0.0
448,0.0
449,0.0
450,0.0
451,117867.44675076047
452,134763.8548275617
453,58715.238746476716
454,0.0
455,0.0
456,0.0
457,0.0
458,122146.12820064562
459,0.0
460,0.0
461,0.0
462,0.0
463,69062.92475071175
464,0.0
465,140360.18792558162
466,0.0
467,61866.45678924
468,0.0
469,118391.42207782218
470,85879.60315854331
471,0.0
472,0.0
473,0.0
474,109314.1162073466
475,0.0
476,0.0
477,150432.93048652384
478,0.0
479,0.0
480,0.0
481,0.0
482,91830.6645378674
483,0.0
484,69995.93518782986
485,0.0
486,97271.99903723031
487,81698.5451772465
488,97833.18888480074
489,0.0
490,86407.36020931177
491,0.0
492,131324.00603516074
493,0.0
494,63753.13361684574
495,0.0
496,0.0
497,92554.87495551433
498,131176.38365349467
499,0.0
500,51591.029656638995
501,127507.61572020526
502,90242.02238501124
503,0.0
504,0.0
505,0.0
506,0.0
507,0.0
508,56640.18366833879
509,0.0
510,0.0
511,120048.48800243373
512,0.0
513,0.0
514,110208.13007623814
515,0.0
516,0.0
517,0.0
518,0.0
519,0.0
520,91560.99499818162
521,63469.18114641195
522,79344.60555352466
523,133678.9307752167
524,0.0
525,119552.2946093326
526,0.0
527,94454.98043392868
528,0.0
529,0.0
530,60212.3776230675
531,0.0
532,0.0
533,83750.0651600843
534,0.0
535,62271.38424357893
536,0.0
537,0.0
538,59704.94223508163
539,0.0
540,0.0
541,0.0
542,75270.48321407696
543,0.0
544,0.0
545,66177.8498410072
546,0.0
547,0.0
548,0.0
549,0.0
550,116178.40189228546
551,84892.7354000935
552,0.0
553,0.0
554,0.0
555,0.0
556,123333.53574039397
557,0.0
558,0.0
559,0.0
560,0.0
561,47458.49168407766
562,0.0
563,0.0
564,85084.17410162283
565,0.0
566,146380.9801612468
567,0.0
568,70244.70361504248
569,0.0
570,105175.5687408697
571,0.0
572,0.0
573,0.0
574,0.0
575,0.0
576,0.0
577,0.0
578,120247.9270765148
579,0.0
580,0.0
581,0.0
582,136275.39548120365
583,128029.81338232945
584,106297.82495096474
585,73000.56662203353
586,0.0
587,0.0
588,114858.90536234276
589,0.0
590,151470.1292846148
591,100852.23382908515
592,99902.17434309171
593,116546.48026697958
594,0.0
595,0.0
596,0.0
597,0.0
598,0.0
599,131250.3208558859
600,0.0
601,0.0
602,0.0
603,64732.95292574858
604,144006.07740364308
605,103348.02329090761
606,0.0
607,121102.8947782371
608,0.0
609,101171.96558263723
610,0.0
611,63298.35171216149
612,70038.80087093472
613,0.0
614,88260.8124736799
615,110142.2898152827
616,0.0
617,0.0
618,110394.75545501268
619,0.0
620,0.0
621,0.0
622,0.0
623,122305.2245756547
624,0.0
625,77147.95101981859
626,103801.4767284638
627,77348.88803831414
628,0.0
629,0.0
630,0.0
631,0.0
632,0.0
633,0.0
634,0.0
635,0.0
636,108489.68825006225
637,111090.54921877873
638,0.0
639,0.0
640,140627.60537896806
641,0.0
642,0.0
643,0.0
644,119792.40144877335
645,0.0
646,128654.67883560424
647,0.0
648,94111.37889246241
649,0.0
650,86572.06539746097
651,0.0
652,0.0
653,0.0
654,0.0
655,0.0
656,0.0
657,76776.9920084885
658,0.0
659,0.0
660,0.0
661,0.0
662,0.0
663,0.0
664,0.0
665,0.0
666,0.0
667,77407.08762935134
668,80926.63056198791
669,101171.3932999368
670,0.0
671,71245.05778316487
672,102357.77066166874
673,0.0
674,0.0
675,0.0
676,127278.8365909172
677,168839.6744585663
678,110995.88693642194
679,101156.00987345353
680,0.0
681,0.0
682,0.0
683,95558.63920018019
684,0.0
685,87818.65757160955
686,124896.19456326863
687,84690.89202390086
688,0.0
689,0.0
690,101493.77909939869
691,0.0
692,0.0
693,0.0
694,0.0
695,0.0
696,0.0
697,0.0
698,64764.77868434627
699,0.0
700,0.0
701,0.0
702,0.0
703,85314.07748486169
704,136201.6493098305
705,90721.9362024255
706,0.0
707,0.0
708,69287.51674952918
709,70857.77361248882
710,0.0
711,0.0
712,27612.6488892388
713,0.0
714,116056.20287762859
715,0.0
716,129686.49896245223
717,0.0
718,0.0
719,0.0
720,0.0
721,0.0
722,0.0
723,0.0
724,0.0
725,80854.99448601592
726,0.0
727,112463.09964748158
728,39511.095843660056
729,114120.01459753647
730,0.0
731,0.0
732,0.0
733,61856.70634390177
734,79630.90646776099
735,0.0
736,0.0
737,0.0
738,0.0
739,0.0
740,0.0
741,0.0
742,0.0
743,0.0
744,151168.84489720984
745,137807.36398119587
746,75028.60401958706
747,84253.3791096524
748,0.0
749,0.0
750,84738.89880864721
751,0.0
752,93803.91906227518
753,0.0
754,0.0
755,132179.09169964935
756,131602.6893660836
757,0.0
758,0.0
759,0.0
760,0.0
761,76800.83542231552
762,0.0
763,0.0
764,0.0
765,0.0
766,120043.06157747682
767,98623.33688041838
768,0.0
769,94516.82610202875
770,102405.8076976422
771,0.0
772,0.0
773,0.0
774,0.0
775,0.0
776,162003.24416062745
777,0.0
778,127332.88415612376
779,0.0
780,0.0
781,123821.74147429575
782,0.0
783,0.0
784,0.0
785,70675.34067873502
786,67630.09609135422
787,0.0
788,0.0
789,0.0
790,0.0
791,0.0
792,0.0
793,140792.642324092
794,115756.24057192655
795,118006.07224169697
796,0.0
797,52810.5236342033
798,88762.26104683845
799,0.0
